3 LETTER WORDS,4 LETTER WORDS,5 LETTER WORDS
ab​,abs​,able​
ad​,ace​,acer​
ah​,act​,acid​
am​,add​,acne​
an​,ads​,acre​
as​,age​,acts​
at​,ago​,adds​
aw​,aid​,aero​
ba​,aim​,aged​
be​,air​,ages​
by​,ale​,aide​
da​,all​,aids​
do​,alt​,aims​
eh​,amp​,alas​
er​,and​,alfa​
ex​,ant​,ally​
fa​,any​,alma​
go​,app​,alps​
ha​,apt​,also​
he​,arc​,alto​
hi​,are​,amen​
ho​,ark​,amid​
id​,arm​,amps​
if​,art​,anon​
in​,ash​,anti​
is​,ask​,apex​
it​,asp​,apps​
la​,ass​,aqua​
lo​,ate​,arch​
ma​,aye​,area​
me​,bad​,arms​
mi​,bag​,army​
mm​,ban​,arts​
my​,bar​,asks​
no​,bat​,atom​
ny​,bay​,aunt​
of​,bed​,aura​
oh​,bee​,auto​
ok​,ben​,avid​
om​,bet​,away​
on​,bid​,axis​
or​,big​,axle​
os​,bin​,babe​
pa​,bio​,baby​
pi​,bit​,back​
re​,biz​,bags​
sh​,bob​,bail​
so​,bon​,bait​
ta​,bot​,bake​
to​,bow​,bald​
uh​,box​,ball​
um​,boy​,band​
up​,bra​,bang​
us​,bud​,bank​
we​,bug​,barb​
ya​,bus​,bare​
ye​,but​,bark​
yo​,buy​,barn​
,bye​,bars​
,cab​,base​
,cad​,bash​
,cam​,bass​
,can​,bath​
,cap​,bats​
,car​,bead​
,cat​,beam​
,chi​,bean​
,cis​,bear​
,cod​,beat​
,con​,beck​
,cop​,beds​
,cow​,beef​
,cox​,been​
,cry​,beer​
,cue​,bees​
,cum​,bell​
,cup​,belt​
,cur​,bend​
,cut​,bent​
,dad​,best​
,dam​,beta​
,dan​,bets​
,day​,bias​
,dee​,bids​
,den​,bike​
,dew​,bill​
,did​,bind​
,die​,bins​
,dig​,bios​
,dim​,bird​
,din​,bite​
,dip​,bits​
,doc​,blah​
,doe​,blew​
,dog​,blog​
,don​,blow​
,dos​,blue​
,dot​,boat​
,dow​,body​
,dry​,boil​
,dub​,bold​
,due​,bolt​
,duo​,bomb​
,dye​,bond​
,ear​,bone​
,eat​,book​
,egg​,boom​
,ego​,boot​
,elf​,bore​
,elk​,born​
,end​,boss​
,era​,both​
,err​,bots​
,eve​,bout​
,eye​,bowl​
,fan​,boys​
,far​,brad​
,fat​,bras​
,fax​,brew​
,fed​,buck​
,fee​,buff​
,few​,bugs​
,fig​,bulb​
,fin​,bulk​
,fit​,bull​
,fix​,bump​
,flu​,burn​
,fly​,bury​
,fog​,bush​
,for​,bust​
,fox​,busy​
,fry​,butt​
,fun​,buys​
,fur​,buzz​
,gag​,byte​
,gal​,cafe​
,gap​,cage​
,gas​,cake​
,gel​,calf​
,gem​,call​
,geo​,calm​
,get​,came​
,gif​,camp​
,gig​,cams​
,gnu​,cane​
,god​,cans​
,goo​,cant​
,got​,cape​
,gum​,caps​
,gun​,carb​
,guy​,card​
,gym​,care​
,had​,cars​
,ham​,cart​
,has​,case​
,hat​,cash​
,hay​,cast​
,hen​,cats​
,her​,cave​
,hex​,cell​
,hey​,cent​
,him​,chad​
,hip​,chap​
,his​,char​
,hit​,chat​
,hmm​,chef​
,hoc​,chic​
,hop​,chin​
,hot​,chip​
,how​,chop​
,hub​,ciao​
,huh​,cite​
,hut​,city​
,ice​,clad​
,ids​,clan​
,ill​,clay​
,ink​,clip​
,inn​,club​
,ins​,clue​
,ion​,coal​
,its​,coat​
,ivy​,code​
,jam​,coil​
,jar​,coin​
,jay​,coke​
,jet​,cola​
,job​,cold​
,joe​,colt​
,joy​,comb​
,ken​,come​
,key​,cone​
,kid​,cons​
,kit​,cook​
,lab​,cool​
,lam​,coop​
,lap​,cope​
,las​,cops​
,lat​,copy​
,law​,cord​
,lay​,core​
,lea​,cork​
,led​,corn​
,lee​,cost​
,leg​,cote​
,let​,coup​
,lid​,cove​
,lie​,cows​
,lip​,cozy​
,lit​,crab​
,log​,crap​
,lot​,crew​
,low​,crib​
,mad​,crop​
,mag​,crow​
,man​,cube​
,map​,cubs​
,mar​,cues​
,mas​,cuff​
,mat​,cult​
,max​,cups​
,may​,curb​
,men​,cure​
,met​,curl​
,mic​,cute​
,mid​,cuts​
,mil​,dale​
,mix​,dame​
,mob​,damn​
,mod​,dans​
,mom​,dare​
,mud​,dark​
,mug​,dart​
,mum​,dash​
,nat​,data​
,nay​,date​
,net​,dawn​
,new​,days​
,nil​,dead​
,non​,deaf​
,nor​,deal​
,nos​,dean​
,not​,dear​
,now​,debt​
,nut​,deck​
,oak​,deco​
,odd​,deed​
,off​,deep​
,oil​,deer​
,old​,deli​
,one​,dell​
,ons​,demo​
,opt​,dent​
,org​,deny​
,our​,desk​
,out​,dial​
,owl​,dice​
,own​,died​
,pac​,dies​
,pad​,diet​
,pak​,dire​
,pal​,dirt​
,pan​,disc​
,par​,dish​
,pas​,disk​
,pat​,diva​
,pay​,dive​
,pee​,dock​
,peg​,docs​
,pen​,does​
,per​,dogs​
,pet​,doll​
,pic​,dome​
,pie​,done​
,pig​,dong​
,pin​,doom​
,pit​,door​
,pix​,dose​
,pod​,dots​
,pop​,dove​
,pos​,down​
,pot​,drag​
,pre​,draw​
,pro​,drew​
,pst​,drop​
,pub​,drug​
,put​,drum​
,ram​,dual​
,ran​,duck​
,rap​,duct​
,rat​,dude​
,raw​,dues​
,ray​,duff​
,rec​,duke​
,red​,dull​
,ref​,duly​
,rep​,dumb​
,res​,dump​
,rev​,dust​
,rid​,duty​
,rim​,each​
,rip​,earl​
,rob​,earn​
,rod​,ears​
,rom​,ease​
,row​,east​
,rub​,easy​
,rue​,eats​
,rug​,echo​
,run​,eddy​
,sac​,edge​
,sad​,edit​
,sap​,eggs​
,sat​,else​
,saw​,ends​
,say​,envy​
,sea​,epic​
,sec​,euro​
,see​,even​
,set​,ever​
,she​,evil​
,shy​,exam​
,sic​,exit​
,sim​,expo​
,sin​,eyed​
,sip​,eyes​
,sir​,face​
,sis​,fact​
,sit​,fade​
,six​,fail​
,ski​,fair​
,sky​,fake​
,sol​,fall​
,son​,fame​
,sox​,fans​
,soy​,fare​
,spa​,farm​
,spy​,fast​
,sub​,fate​
,sue​,fats​
,sum​,faux​
,sun​,fave​
,tab​,fear​
,tag​,feat​
,tai​,feed​
,tan​,feel​
,tap​,fees​
,tar​,feet​
,tas​,fell​
,tax​,felt​
,tea​,fest​
,ted​,fiat​
,tee​,file​
,ten​,fill​
,tex​,film​
,thy​,find​
,tie​,fine​
,til​,fire​
,tin​,firm​
,tip​,fish​
,toe​,fist​
,tom​,fits​
,ton​,five​
,too​,flag​
,top​,flap​
,tot​,flat​
,toy​,flaw​
,try​,flea​
,tub​,fled​
,two​,flew​
,ufo​,flex​
,uni​,flip​
,ups​,flop​
,use​,flow​
,van​,flux​
,vat​,foam​
,vet​,foil​
,via​,fold​
,wan​,folk​
,wap​,fond​
,war​,font​
,was​,food​
,wax​,fool​
,way​,foot​
,web​,ford​
,wed​,fore​
,wet​,fork​
,who​,form​
,why​,fort​
,win​,foul​
,wit​,four​
,won​,free​
,wow​,frog​
,yea​,from​
,yen​,fuel​
,yes​,full​
,yet​,fund​
,you​,funk​
,zen​,fury​
,zip​,fuse​
,zoo​,gage​
,,gain​
,,gala​
,,gale​
,,gals​
,,game​
,,gang​
,,gaps​
,,gate​
,,gave​
,,geek​
,,gems​
,,gene​
,,gets​
,,gift​
,,gigs​
,,gill​
,,girl​
,,give​
,,glad​
,,glen​
,,glow​
,,glue​
,,goal​
,,goat​
,,gods​
,,goes​
,,gold​
,,golf​
,,gone​
,,good​
,,gore​
,,goth​
,,gown​
,,grab​
,,grad​
,,gram​
,,gran​
,,gray​
,,grew​
,,grey​
,,grid​
,,grim​
,,grip​
,,grow​
,,gulf​
,,gull​
,,guns​
,,guru​
,,guys​
,,hack​
,,haha​
,,hail​
,,hair​
,,hale​
,,half​
,,hall​
,,halo​
,,halt​
,,hand​
,,hang​
,,hard​
,,harm​
,,harp​
,,hash​
,,hate​
,,hath​
,,hats​
,,haul​
,,have​
,,hawk​
,,head​
,,heal​
,,heap​
,,hear​
,,heat​
,,heck​
,,heel​
,,held​
,,hell​
,,help​
,,herb​
,,herd​
,,here​
,,hero​
,,hide​
,,high​
,,hike​
,,hill​
,,hint​
,,hips​
,,hire​
,,hist​
,,hits​
,,hmmm​
,,hold​
,,hole​
,,holy​
,,home​
,,hood​
,,hook​
,,hoop​
,,hope​
,,horn​
,,hose​
,,host​
,,hour​
,,hubs​
,,huge​
,,hull​
,,hung​
,,hunk​
,,huns​
,,hunt​
,,hurt​
,,hype​
,,icon​
,,idea​
,,idle​
,,idol​
,,inch​
,,info​
,,inns​
,,into​
,,ions​
,,iris​
,,iron​
,,isle​
,,item​
,,jack​
,,jade​
,,jail​
,,jake​
,,jane​
,,jars​
,,java​
,,jazz​
,,jean​
,,jedi​
,,jeep​
,,jerk​
,,jets​
,,jill​
,,jobs​
,,joey​
,,john​
,,join​
,,joke​
,,josh​
,,jump​
,,junk​
,,jury​
,,just​
,,keen​
,,keep​
,,kept​
,,kern​
,,keys​
,,kick​
,,kids​
,,kill​
,,kind​
,,king​
,,kiss​
,,kite​
,,kits​
,,knee​
,,knew​
,,knit​
,,knob​
,,knot​
,,know​
,,labs​
,,lace​
,,lack​
,,lady​
,,laid​
,,lake​
,,lamb​
,,lame​
,,lamp​
,,land​
,,lane​
,,lang​
,,last​
,,late​
,,lava​
,,lawn​
,,laws​
,,lazy​
,,lead​
,,leaf​
,,leak​
,,lean​
,,leap​
,,left​
,,legs​
,,lend​
,,lens​
,,less​
,,lets​
,,levy​
,,lick​
,,lien​
,,lies​
,,lieu​
,,life​
,,lift​
,,like​
,,lily​
,,lima​
,,limb​
,,lime​
,,limo​
,,limp​
,,line​
,,link​
,,lion​
,,lips​
,,lisp​
,,list​
,,lite​
,,live​
,,load​
,,loan​
,,lock​
,,loft​
,,logo​
,,logs​
,,lone​
,,long​
,,look​
,,loop​
,,lord​
,,lose​
,,loss​
,,lost​
,,lots​
,,loud​
,,love​
,,lows​
,,luck​
,,lump​
,,luna​
,,lung​
,,lush​
,,lust​
,,lynx​
,,made​
,,maid​
,,mail​
,,main​
,,make​
,,male​
,,mall​
,,mama​
,,many​
,,maps​
,,mare​
,,mark​
,,mars​
,,mart​
,,mask​
,,mass​
,,mast​
,,mate​
,,math​
,,mats​
,,mayo​
,,maze​
,,meal​
,,mean​
,,meat​
,,meds​
,,meet​
,,mega​
,,melt​
,,memo​
,,menu​
,,mere​
,,mesa​
,,mesh​
,,mess​
,,meta​
,,mets​
,,mice​
,,midi​
,,mild​
,,mile​
,,milk​
,,mill​
,,mime​
,,mind​
,,mine​
,,mini​
,,mint​
,,miss​
,,mist​
,,mock​
,,mode​
,,mods​
,,mold​
,,mole​
,,moms​
,,monk​
,,mono​
,,mood​
,,moon​
,,more​
,,moss​
,,most​
,,move​
,,much​
,,mugs​
,,muse​
,,must​
,,mute​
,,myth​
,,nail​
,,name​
,,nano​
,,navy​
,,near​
,,neat​
,,neck​
,,need​
,,neon​
,,nest​
,,nets​
,,news​
,,next​
,,nice​
,,nick​
,,nine​
,,nite​
,,node​
,,noel​
,,noir​
,,none​
,,noon​
,,nope​
,,norm​
,,nose​
,,note​
,,noun​
,,nova​
,,nuke​
,,nuts​
,,oaks​
,,oath​
,,obey​
,,odds​
,,odor​
,,offs​
,,oils​
,,okay​
,,once​
,,ones​
,,only​
,,onto​
,,onyx​
,,oops​
,,opal​
,,open​
,,oral​
,,ours​
,,outs​
,,oval​
,,oven​
,,over​
,,owed​
,,owns​
,,pace​
,,pack​
,,pads​
,,page​
,,paid​
,,pain​
,,pair​
,,pale​
,,palm​
,,pals​
,,pane​
,,pans​
,,pant​
,,papa​
,,park​
,,part​
,,pass​
,,past​
,,path​
,,pays​
,,peak​
,,pear​
,,peas​
,,peek​
,,peel​
,,peer​
,,pens​
,,peso​
,,pest​
,,pets​
,,pick​
,,pics​
,,pier​
,,pigs​
,,pike​
,,pile​
,,pill​
,,pine​
,,ping​
,,pink​
,,pins​
,,pipe​
,,pity​
,,plan​
,,play​
,,plea​
,,plot​
,,plug​
,,plum​
,,plus​
,,poem​
,,poet​
,,pogo​
,,pole​
,,polk​
,,poll​
,,polo​
,,poly​
,,pond​
,,pony​
,,pool​
,,poor​
,,pope​
,,pops​
,,pork​
,,port​
,,pose​
,,post​
,,pots​
,,pour​
,,pray​
,,prep​
,,prey​
,,prom​
,,prop​
,,pros​
,,pubs​
,,pull​
,,pulp​
,,puma​
,,pump​
,,punk​
,,pure​
,,push​
,,puts​
,,quad​
,,quit​
,,quiz​
,,race​
,,rack​
,,rage​
,,raid​
,,rail​
,,rain​
,,ramp​
,,rams​
,,rank​
,,rant​
,,rare​
,,rash​
,,rate​
,,rats​
,,rave​
,,rays​
,,read​
,,real​
,,rear​
,,reds​
,,reed​
,,reef​
,,reel​
,,rely​
,,reno​
,,rent​
,,reps​
,,rest​
,,ribs​
,,rice​
,,rich​
,,rick​
,,ride​
,,rims​
,,ring​
,,riot​
,,ripe​
,,rise​
,,risk​
,,rite​
,,ritz​
,,road​
,,robe​
,,rock​
,,rode​
,,rods​
,,role​
,,roll​
,,roof​
,,room​
,,root​
,,rope​
,,rose​
,,rows​
,,ruby​
,,rude​
,,rugs​
,,ruin​
,,rule​
,,runs​
,,rush​
,,rust​
,,sack​
,,safe​
,,saga​
,,sage​
,,said​
,,sail​
,,sake​
,,sale​
,,salt​
,,same​
,,sand​
,,sang​
,,sans​
,,save​
,,says​
,,scam​
,,scan​
,,scat​
,,seal​
,,seas​
,,seat​
,,secs​
,,sect​
,,seed​
,,seek​
,,seem​
,,seen​
,,sees​
,,self​
,,sell​
,,semi​
,,send​
,,sent​
,,sept​
,,sets​
,,shaw​
,,shed​
,,shin​
,,ship​
,,shoe​
,,shop​
,,shot​
,,show​
,,shut​
,,sick​
,,side​
,,sigh​
,,sign​
,,silk​
,,sims​
,,sing​
,,sink​
,,sins​
,,site​
,,sits​
,,size​
,,skin​
,,skip​
,,slam​
,,slim​
,,slip​
,,slot​
,,slow​
,,snap​
,,snow​
,,soap​
,,sock​
,,soda​
,,sofa​
,,soft​
,,soho​
,,soil​
,,sold​
,,sole​
,,solo​
,,some​
,,song​
,,sons​
,,soon​
,,sore​
,,sort​
,,soul​
,,soup​
,,sour​
,,spam​
,,span​
,,spas​
,,spin​
,,spot​
,,stag​
,,star​
,,stat​
,,stay​
,,stem​
,,step​
,,stir​
,,stop​
,,stud​
,,subs​
,,such​
,,suck​
,,sued​
,,suit​
,,sums​
,,sung​
,,sure​
,,surf​
,,swan​
,,swap​
,,swim​
,,sync​
,,tabs​
,,tack​
,,tags​
,,tail​
,,take​
,,tale​
,,talk​
,,tall​
,,tang​
,,tank​
,,tape​
,,taps​
,,task​
,,taxi​
,,team​
,,tear​
,,teas​
,,tech​
,,teen​
,,tees​
,,tele​
,,tell​
,,temp​
,,tend​
,,tens​
,,tent​
,,term​
,,test​
,,text​
,,than​
,,that​
,,thee​
,,them​
,,then​
,,they​
,,thin​
,,this​
,,thou​
,,thru​
,,thus​
,,tick​
,,tide​
,,tied​
,,tier​
,,ties​
,,tiff​
,,tile​
,,till​
,,tilt​
,,time​
,,tiny​
,,tips​
,,tire​
,,toes​
,,told​
,,toll​
,,tomb​
,,tome​
,,tone​
,,tons​
,,took​
,,tool​
,,toon​
,,tops​
,,torn​
,,toss​
,,tote​
,,tour​
,,town​
,,toys​
,,trap​
,,tray​
,,tree​
,,trek​
,,trim​
,,trio​
,,trip​
,,troy​
,,true​
,,tube​
,,tuna​
,,tune​
,,turf​
,,turn​
,,twin​
,,type​
,,ugly​
,,undo​
,,unit​
,,unto​
,,upon​
,,urge​
,,used​
,,user​
,,uses​
,,vail​
,,vain​
,,vale​
,,vans​
,,vary​
,,vase​
,,vast​
,,vein​
,,vent​
,,verb​
,,very​
,,vest​
,,vibe​
,,vice​
,,vids​
,,view​
,,vine​
,,visa​
,,viva​
,,void​
,,volt​
,,vote​
,,wade​
,,wage​
,,wait​
,,wake​
,,walk​
,,wall​
,,want​
,,ward​
,,ware​
,,warm​
,,warn​
,,warp​
,,wars​
,,wash​
,,watt​
,,wave​
,,ways​
,,weak​
,,wear​
,,webs​
,,weed​
,,week​
,,well​
,,went​
,,were​
,,west​
,,what​
,,when​
,,whip​
,,whom​
,,wide​
,,wife​
,,wigs​
,,wiki​
,,wild​
,,will​
,,wind​
,,wine​
,,wing​
,,wins​
,,wipe​
,,wire​
,,wise​
,,wish​
,,with​
,,woke​
,,wolf​
,,wont​
,,wood​
,,wool​
,,word​
,,wore​
,,work​
,,worm​
,,worn​
,,wrap​
,,yale​
,,yard​
,,yarn​
,,yeah​
,,year​
,,yoga​
,,your​
,,zero​
,,zeta​
,,zinc​
,,zone​
,,zoom​
